date,price,revenue,predicted_revenue,baseline_revenue,incremental_revenue,contrib_tv_units,contrib_tv_revenue,contrib_search_units,contrib_search_revenue,contrib_social_units,contrib_social_revenue,contrib_video_units,contrib_video_revenue,contrib_promo_index_units,contrib_promo_index_revenue,contrib_distribution_index_units,contrib_distribution_index_revenue,contrib_seasonality_index_units,contrib_seasonality_index_revenue
2023-01-01,9.567397536343428,1320315.4442526875,958484.9425054301,461084.45653234527,497400.4859730848,4447.652123528594,42552.45596916008,14424.65739791695,138006.43165142863,8657.706366860311,82831.71856468415,4708.964761677447,45052.53785960083,6505.6491125136035,62242.13129137746,26618.422406442314,254669.0289527449,-13373.9418509429,-127953.81831591137
2023-01-08,9.535653004879963,1276206.0937366574,562846.7636142933,459554.5828146384,103292.18079965487,13046.856458640666,124410.29599407442,23932.220002208105,228209.34557750408,15212.400704762125,145060.17449180302,10805.462439134477,103037.14037685025,-43391.982544590195,-413770.8887390204,3683.1998047658803,35121.71528588906,-12455.948441775407,-118775.60218744555
2023-01-15,9.407180549803586,1289913.731399358,1118812.9502135199,453363.0712877841,665449.8789257357,20787.832291318507,195554.89160347037,25781.0754027338,242527.23108161706,17721.762126117163,166711.81598105523,14795.56583606327,139184.55915635283,9212.709826671278,86665.62469244642,-6204.122229616342,-58363.297967050916,-11356.319255973645,-106830.94562215521
2023-01-22,9.775057946907339,1348458.667387909,1718856.0683184536,471092.29692827584,1247763.7713901778,26504.89210989274,259086.85625072863,29376.006560249145,287152.1663751655,16064.771081888968,157034.06822926598,15095.294417539504,147557.37765707553,23226.924277393802,227044.53073995328,27470.911872783585,268529.75541084434,-10091.089363215891,-98640.98327285562
2023-01-29,9.794664801435946,1309399.4881233627,745862.8371367323,472037.2159441619,273825.6211925704,29103.69977460813,285060.9837739135,28587.75665504298,280007.4938611657,15300.838618690726,149866.58545094187,16144.377468223918,158128.7657291084,-55599.28208674607,-544576.3312401598,3097.927954630152,30343.165894600403,-8678.708664388147,-85005.04227699975
2023-02-05,9.723952268462828,1328805.6293532583,1424453.7087662576,468629.3456521538,955824.3631141039,30897.755461613317,300448.29931136454,30534.749195764016,296918.44370909303,12535.43521479169,121893.97369304247,19339.65259163434,188057.85868970575,10416.497719492989,101289.52662890172,1711.5542146112873,16643.07148776654,-7139.772850483674,-69426.81040577003
2023-02-12,9.786212741046574,1377473.3394018472,1887375.4659894456,471629.88326498674,1415745.5827244588,32987.60400223753,322823.7105832959,31590.760955538244,309153.907362445,11594.49336028927,113466.17864844277,21170.08858426672,207174.9906324356,34215.83679847344,334843.458022791,18605.301524182833,182075.43882697128,-5496.7230710508575,-53792.10135192255
2023-02-19,9.854460297535223,1337608.7206785004,1097302.6301715826,474918.9582065989,622383.6719649838,34070.16206625412,335743.0594124918,28920.099588538214,284991.9731960146,10221.073327135993,100723.16130045788,20690.025093608307,203889.03083997054,-33738.150115012904,-332471.2608206781,6767.869183335204,66693.6981660889,-3773.5186916997136,-37185.99012936188
2023-02-26,9.66554802276255,1334419.0937891477,1848253.4698214403,465814.65233711194,1382438.8174843283,34380.1165736591,332302.66777087667,29712.413672054638,287186.76121943066,10185.784604073437,98451.19024018724,21032.657620078473,203292.16227319118,46620.06904628674,450608.5161913904,3091.7099431243073,29883.070927720466,-1995.2879125995128,-19285.551138468236
2023-03-05,9.78314096673538,1373106.112376997,1735034.500141859,471481.8443250883,1263552.6558167706,34999.614739202894,342406.16477505123,28727.917780394273,281049.2693263809,11505.790843627346,112562.77375697951,20953.58255348801,204991.85187890026,11670.08344007883,114170.07138785535,21487.104981789795,210211.3770038916,-187.96134273652262,-1838.8523122882639
2023-03-12,9.924816017642208,1336422.0828275224,1113261.4894121483,478309.63250922324,634951.856902925,35095.471172306075,348316.09443760366,28273.557903174024,280609.860353156,10987.721454562867,109051.11388963647,22827.548521504534,226559.2192097329,-19668.719727815245,-195208.42460113604,-15161.50133037487,-150475.11125520815,1622.1061267556513,16099.104869140048
2023-03-19,9.724267365189247,1351598.2274567373,1500050.5878211553,468644.5312031152,1031406.0566180402,35166.085094646696,341964.4136473409,29028.715728028084,282282.99300741934,16010.459982822154,155689.99351262586,22343.43297118735,217273.51606801056,-1567.3559108867323,-15241.387933872316,1675.3109969389675,16291.172054076264,3408.5196362548304,33145.35626243957
2023-03-26,9.878259498938036,1364225.3769424276,1524657.9672944746,476065.92025171465,1048592.04704276,35456.72586742032,350250.73910108674,25689.446443277044,253767.01835076138,14461.720359739476,142856.62651458208,20999.654822281263,207440.0397226198,15554.08973579956,153647.3346799966,-11155.368118447606,-110195.62108020559,5145.229254139642,50825.90975391878
2023-04-02,9.707365121782093,1352009.901285789,1337964.6198741114,467829.95632149663,870134.6635526147,34893.97130212471,338728.5199787107,22847.8490179748,221792.41266483182,14273.276657934417,138555.90800277903,19351.089078469056,187848.0871888289,2106.6127290090526,20449.65893068467,-10643.164351862024,-103317.08241465993,6806.9098434518355,66077.15920143956
2023-04-09,9.878783844842918,1361417.6347976285,1629955.151881795,476091.19021103944,1153863.9616707554,34491.972654174846,340738.7422328262,20934.753792369564,206809.90755982444,17586.43453865222,173732.58540882508,17585.143526348715,173719.8317773377,15008.438160664067,148265.11643789214,2826.1548329988937,27918.972707254205,8369.330359420415,82678.80554679577
2023-04-16,9.812850881265476,1325718.752434437,1092576.3578424251,472913.6631392114,619662.6947032136,34587.707812657754,339404.0190903914,19923.19142820279,195503.30656386053,17853.18915138691,175190.68289758626,17966.361972779585,176301.2309177247,-25681.526801399697,-252008.99290535797,-11310.55052954276,-110988.74573142135,9809.707192657972,96261.19387043006
2023-04-23,9.634561987165693,1321578.4273942702,1354276.2285510842,464321.333038003,889954.8955130811,34441.40692132717,331827.86990872415,20528.13675639746,197779.6060605258,16927.65583458298,163090.54943569674,17061.187598710796,164377.06949444176,4709.430514909204,45373.30022014237,-12403.774090409133,-119504.93034884655,11107.036405489744,107011.43074239696
2023-04-30,9.8878918007993,1331938.4535267607,1002385.8689794396,476530.13266182784,525855.7363176118,34777.24558122984,343873.64143702626,21507.398277169286,212662.82708134718,15534.829783692794,153606.71604498875,15654.109868235386,154786.14461493609,-39427.868043551185,-389858.49315082654,-7106.330436487382,-70266.6264567141,12242.400016661668,121051.52674685413
2023-05-07,9.669343520614458,1327614.7228786706,1137425.4836958672,465997.5699024863,671427.913793381,34508.549496125575,333675.0194761651,22046.70079535831,213177.1234865235,13039.430366954719,126082.73153121701,15343.696472294181,148363.47206665264,-3113.53720367957,-30105.86078659111,-25585.250465821206,-247392.5758149863,13199.241868106656,127628.00383440017
2023-05-14,9.629621637739955,1270779.572597834,837483.936414206,464083.24129765324,373400.6951165528,34033.5365573195,327730.0800411776,23484.650010119512,226148.29389219673,10061.783101092307,96891.1642645247,14486.194028362233,139496.5674640163,-25214.079799832278,-242802.04841616683,-32039.434735273557,-308527.63398774737,13963.609051010439,134464.2718585516
2023-05-21,9.695476298444737,1295915.3558188332,889494.2127386666,467256.99469567405,422237.2180429925,34713.47574351114,336563.68130784854,23327.102045777927,226167.3649962416,9974.702492689432,96709.49160190803,16458.109029875293,159569.20601637522,-20519.586324047665,-198947.16285869488,-34928.238267288594,-338645.906266927,14524.355370641284,140820.54324624108
2023-05-28,9.752497601392962,1326119.1561868181,1339477.016675709,470005.03943623963,869471.9772394694,34498.52347156892,336446.7674080747,25996.791229580624,253533.64411039863,9036.873881730326,88132.09085566571,16549.73454006634,161401.24640568724,34450.70917861983,335980.4586307764,-46252.16114384301,-451074.0906145697,14873.303882968228,145051.86044343628
2023-06-04,9.49625916058338,1340676.5564482713,1741447.4125838596,457656.06347129436,1283791.3491125652,34365.25213086811,326341.3403535138,25192.70988410667,239236.50201686742,11628.532579459321,110427.55903183285,15575.637074930344,147910.2862547294,30414.051653063187,288819.71662085736,3007.6158152554303,28561.09923713483,15005.366132917923,142494.84559762944
2023-06-11,9.562790056404253,1339541.8359586892,1307541.0042690104,460862.40687091247,846678.5973980979,33577.4695531083,321094.2919616806,29803.761620176778,285007.11526486924,11974.328374825622,114507.98831490176,16308.873084146522,155958.32936023534,16970.74341295487,162287.65635919283,-35014.92535416454,-334840.3800025418,14918.616355507815,142663.59613976
2023-06-18,9.557458773087655,1289752.592562724,946859.461497324,460605.47473640926,486253.9867609148,33233.500522897826,317627.811132983,29426.642581701,281243.92330499296,12280.922278880007,117374.40837588935,15260.46138299071,145851.23052622992,-30466.952523552372,-291186.6426854707,-23471.98202896175,-224332.50056445625,14614.319557836028,139675.75667074646
2023-06-25,9.541630168137095,1296398.9777931294,1135108.1607124347,459842.6420346667,675265.5186777681,33158.11235748505,316382.4451886588,27662.32471108806,263943.6719841221,14111.295703693371,134644.76479786405,13662.495188847084,130362.47626593125,-8834.172358288894,-84292.40548437214,-23086.512602378698,-220282.96512393383,14096.913072429337,134507.53104949795
2023-07-02,9.448109889749452,1315292.8008969836,1622293.7032733085,455335.5912330962,1166958.1120402124,32446.56082850781,306558.6722521818,27009.11107121779,255185.0494253142,16395.892549991284,154910.194552842,15118.079061641814,142837.27229631215,33809.57849939718,319436.61298841494,-14640.829050025857,-138328.16174168038,13373.941850942898,126358.47226682768
2023-07-09,9.352923043296922,1306610.43870129,1407520.7168707368,450748.223017354,956772.4938533829,32499.26589123705,303963.1328443847,29325.711455617522,274281.1224343217,15997.278905997386,149621.31850995074,14960.649644743364,139925.80480501213,3938.698061222859,36838.33985740019,-6880.923910841915,-64356.751804886124,12455.948441775407,116499.52720719959
2023-07-16,9.267636402104248,1291626.5408431794,1943397.1718627233,446637.9783604958,1496759.1935022275,31997.282863275803,296539.1834321213,29578.9379977035,274126.8425231015,15114.363877833362,140074.428868858,13361.9950461319,123834.11169426863,64652.1318202595,599172.4503310793,-4557.155594514975,-42234.06107778001,11356.319255973649,105246.23773057882
2023-07-23,9.321960981033405,1282694.522356345,1311378.6845683851,449256.05907228275,862122.6254961023,31669.71309954703,295223.8297944999,31083.463462858843,289758.8335561476,15445.043268361787,143978.09069804123,13430.48645246092,125198.47066613846,10953.516011267433,102108.24886215966,-20190.342972240127,-188213.58938090448,10091.089363215891,94068.74130001977
2023-07-30,9.171805687074736,1268665.8063817087,1276541.128768249,442019.5799934749,834521.5487747741,31182.55734530299,286000.35679718404,31378.342826717075,287796.0631890644,14474.426304377537,132756.62549563404,12918.588585863505,118486.78426080167,5341.996713481834,48995.75583704724,-12986.915592566109,-119113.4662894574,8678.708664388154,79599.42948450005
2023-08-06,8.95577992747589,1227185.7709056519,1148703.0565776585,431608.58582465834,717094.4707530002,31946.752728062318,286108.0868300161,30591.062949779764,273966.827525789,11964.311726703096,107149.74280807198,12300.43438588084,110159.98337230585,-8630.866465953764,-77296.1406525135,-5240.890675280014,-46936.26351176831,7139.772850483679,63942.23438109904
2023-08-13,9.26414231109168,1266897.2131630625,1234203.8136711703,446469.5865852524,787734.227085918,31554.204295379604,292322.639105657,28834.280701250605,267124.87985435,10282.90527566413,95262.29784522792,14510.119210909477,134423.8093207707,3710.744950469427,34376.869301313614,-9358.523455806115,-86698.69311627735,5496.723071050861,50922.42477487608
2023-08-20,9.287527108343806,1286174.689785678,1372539.101677858,447596.5771269495,924942.5245509086,30667.841163146153,284828.4061571019,26608.243682702385,247124.78450851623,10268.659712028479,95370.4554418224,16837.07398875761,156374.78109577668,-4263.443836786784,-39596.85020905858,15697.8589362896,145794.29041374673,3773.5186916997136,35046.65714300314
2023-08-27,8.941904147994611,1191148.9216192362,1388913.3153178575,430939.8662259603,957973.4490918972,30916.91021437838,276456.047689127,26643.722799126397,238245.61541552693,8103.113107478344,72457.2607074301,15206.218684384268,135972.54992920885,19730.11494205196,176424.7966407449,4537.680652374496,40575.505447742406,1995.2879125995112,17841.673262117078
2023-09-03,9.062980695058997,1259346.11083744,1517616.8577049216,436774.9445416599,1080841.9131632617,30002.677957616335,271913.69112994894,27989.647666885812,253669.6364664892,8020.927964610851,72693.51529972699,16439.722333653426,148992.88614203123,26661.087567264934,241628.92193139953,9956.963962443911,90239.7721730273,187.96134273653098,1703.4900206385478
2023-09-10,9.216525876420494,1237486.6177484652,1099999.8593281803,444174.79347992036,655825.06584826,30058.14570878599,277031.6777222437,27050.415638856673,249310.85570345214,9889.368614848752,91145.62174021422,16226.96614464488,149556.25336791886,-21926.43461358255,-202085.5519937256,11481.158282256903,105816.39239970023,-1622.1061267556463,-14950.183091543637
2023-09-17,9.356053239464998,1230070.458513191,1022653.4267138678,450899.07749930833,571754.3492145594,28882.828120594626,270229.2776026001,23799.922785525312,222673.34467653092,12408.321927196816,116092.92056327434,16525.09104754759,154609.63162786167,-37128.22224898852,-347373.62404822547,20031.212433309833,187413.08997708,-3408.5196362548354,-31890.29118456211
2023-09-24,9.153175665046168,1226150.7997817518,788259.7584403887,441121.73775899084,347138.0206813979,28343.738260868115,259435.21530581603,23915.633846736066,218903.99774009903,15036.500945004746,137631.73453726116,16840.537364006912,154144.3967865288,-51207.22288176922,-468708.7063560054,10141.460544918376,92826.56986777273,-5145.2292541396355,-47095.18720007456
2023-10-01,9.084176403632652,1255723.4024179,1249172.8262602154,437796.435676671,811376.3905835444,28872.118019363807,262279.4132344018,23799.251514125015,216196.59902873312,18116.722056715673,164575.49901878773,16997.095645445577,154404.615192644,14150.69676974248,128547.42569065544,-5811.423012330211,-52791.99180013789,-6806.90984345183,-61835.169781539946
2023-10-08,9.149569509289952,1229380.3871173607,1037619.8444056069,440947.9452139743,596671.8991916325,29606.720787506558,270888.749787431,21379.31510269781,195611.52959314606,18487.715002779394,169154.63348587274,18114.91135752177,165743.64062027144,-30775.14171462038,-281579.2982761679,16768.921608281616,153428.41385080692,-8369.330359420417,-76575.76986972777
2023-10-15,9.321072612419595,1244850.1013089027,657718.0918031232,449213.2456574599,208504.84614566338,29883.686063073146,278548.0077206562,21653.568945333493,201834.48845748746,16912.588202623614,157643.4627006057,18121.660237682092,168913.31093303172,-60036.63858463434,-559605.8676529686,5644.032529699854,52608.4370361906,-9809.70719265797,-91436.99304933971
2023-10-22,9.139328413331302,1265769.047232004,1306684.132349121,440454.39300748846,866229.7393416325,30000.077942189193,274180.5647392034,21519.20824200421,196671.11131854221,15718.279360371656,143654.51716692364,19223.19611255599,175687.1024265228,10821.382674755981,98900.17015092843,8605.350786321365,78647.12694810973,-11107.036405489745,-101510.85340859761
2023-10-29,9.14866293398139,1294039.7813793304,1930476.879750011,440904.2543584552,1489572.625391556,30065.055923277017,275055.0627333621,19609.791325729184,179403.37104480836,12820.207202800148,117287.75444221894,19653.979717050563,179807.63574260252,69494.17789602264,635778.8094448511,23417.802665277915,214241.58323911866,-12242.400016661664,-112001.59125540571
2023-11-05,9.208922969487533,1276322.9316409854,1380369.8087660489,443808.384307736,936561.4244583128,29556.975602698174,272187.9115362698,21325.54196883385,196385.27327356444,12071.657482862262,111166.96387371633,19810.3143776597,182431.65910519953,-181.73466675925138,-1673.5805470714324,32318.00285676893,297613.99883566314,-13199.24186810665,-121550.80161902886
2023-11-12,9.194020257732735,1266654.2742906252,1454037.763384952,443090.17345423927,1010947.5899307127,29694.16522026915,273008.7565716174,22750.760109603583,209170.94932651316,10573.977876372053,97217.36680018243,19387.299181170438,178247.22141440626,23365.2632508673,214820.70365573218,18149.220033311154,166864.29664831155,-13963.609051010444,-128381.70448605019
2023-11-19,9.336847652877838,1269945.6372935865,1331379.6816972606,449973.4969095725,881406.1847876881,30044.016994411017,280516.4095572884,24644.553645445554,230102.44286070028,10496.653357103663,98005.65326034561,19433.524343660934,181447.8561552549,2268.9891951434033,21185.20644107986,22037.4496312505,205760.3098649548,-14524.355370641284,-135611.69335193568
2023-11-26,9.524833979396865,1279295.4811818933,1489216.4760137955,459033.1782773926,1030183.2977364028,31192.129939140177,297099.8591340846,25975.783348480298,247415.02387905642,9011.743269125747,85835.3585033699,20506.02605765821,195316.49377638046,-2769.589115558614,-26379.8765168404,39114.82236610433,372562.189170743,-14873.303882968226,-141665.7502103911
2023-12-03,9.434466584830384,1290607.0472651054,1574728.7707078038,454678.07535064046,1120050.6953571634,31757.237168354306,299612.59289137216,23479.29957672186,221514.66729180457,10979.243166113401,103583.30277742424,20811.984442107158,196349.9717830698,25612.051783386225,241636.04671930277,21084.57722328409,198921.73926834954,-15005.366132917921,-141567.62537415963
2023-12-10,9.418142578367913,1274879.4378698263,1537688.6566579232,453891.36761537736,1083797.289042546,31254.677051039733,294361.0047075358,23657.058075340512,222805.54593828696,14111.33951526647,132902.60752653677,19706.007333619673,185593.9867183938,-8105.5399460686795,-76339.1308867314,49370.55550790409,464978.930946668,-14918.616355507815,-140505.65590814408
2023-12-17,9.456241750053849,1324849.0552196456,1486483.6224847175,455727.4924136217,1030756.1300710959,32001.07801207969,302609.9299445582,26551.898444406663,251081.17061318812,14037.772306816654,132744.56856546938,19830.361924504352,187520.69634917623,7442.620203742116,70379.21590042049,23753.31483550979,224617.08744972115,-14614.31955783603,-138196.53875143756
2023-12-24,9.371361311719554,1269166.4907220786,1256033.9933387514,451636.8240128443,804397.1693259071,32309.839147354436,302787.1765733992,28355.944160613002,265733.7980640487,15720.556852451688,147323.01828575347,20265.26344702833,189913.10583928574,8956.697068904261,83936.44439232131,-5675.707752378135,-53189.1080472632,-14096.91307242934,-132107.26578163795
2023-12-31,9.657845243492988,1310377.598002972,1328491.0527192594,465443.4299874809,863047.6227317784,32500.96637041603,313889.303469448,29605.134252291,285921.80502146,17312.670961982847,167203.0969023452,18297.915084899087,176718.43216853123,-18639.3240150491,-180015.70678066657,23658.916340214717,228494.15264254122,-13373.941850942898,-129163.46069188067
2024-01-07,9.602590453093466,1339070.4819671158,1771910.311312433,462780.5193155461,1309129.791996887,33294.7898600354,319716.2312477291,34865.23677679741,334796.58981771796,16542.7985540974,158853.71946302408,18878.466876463324,181282.18579696794,27646.393544537987,265476.9947132453,17559.16212120666,168613.4425494195,-12455.948441775408,-119609.37159121697
2024-01-14,9.631556584471817,1319715.467237769,1548300.675899659,464176.49276534753,1084124.1831343116,34101.724727887915,328452.6913447342,33191.960382620855,319690.24457475956,16735.979728684913,161193.53575340201,17916.631785643523,172565.05284657193,-4890.479274938324,-47102.92786175517,26860.104668743228,258704.61798183603,-11356.319255973654,-109379.03150523713
2024-01-21,10.005964164055719,1384908.48919028,1363372.2068194377,482220.42944700585,881151.7773724318,34699.83367292642,347205.29222999566,33239.37885126186,332592.03362119774,15698.498819284052,157078.61661522725,18226.63602894769,182375.06693693742,-21083.20136628381,-210957.75733460637,17372.59908173046,173829.60384830227,-10091.089363215888,-100971.07854462201
2024-01-28,9.750855702563271,1325793.400385792,1546796.882999134,469925.9109139123,1076870.9720852217,34535.555987218,336751.2230391578,32985.59467673578,321637.7739560898,14358.850097982855,140011.0753601673,16947.191862453976,165249.6224144432,14945.813886105669,145734.47456078278,5344.3144084181495,52111.63862561517,-8678.70866438815,-84624.83587103446
2024-02-04,9.67690591916513,1296807.0586829884,960943.5593226728,466362.0268420638,494581.53248060896,34666.624625746284,335465.6650383599,32304.722035419552,312609.75588153565,11548.802592124568,111756.67616299982,14950.18504110947,144671.5341169262,-25062.418106986162,-242526.6621280857,-10158.673366669256,-98304.52643278688,-7139.772850483686,-69090.91015834006
2024-02-11,9.736877909703534,1311015.525723779,1298006.3140849164,469252.27495389583,828754.0391310204,35043.447878282765,341213.77352589864,30384.595372580636,295851.0954785606,10829.997538770385,105450.363797397,13719.610982205555,133586.17710236326,773.2380826003797,7528.924805413153,-139.2000746962941,-1355.374132339428,-5496.72307105085,-53520.92144627279
2024-02-18,9.917710946684489,1327348.7238381016,1241865.4746737175,477967.2156953803,763898.2589783372,35574.54089126035,352818.01362052775,30576.50853413255,303248.97340035805,10830.993734671307,107418.66512582073,14467.585620561826,143485.3322811411,-266.7175102796479,-2645.227171372897,-10385.746388019394,-103002.83064194882,-3773.5186916997136,-37424.66763618878
2024-02-25,9.833129649504981,1342419.5994954836,1549375.639060779,473890.9638939192,1075484.6751668598,35492.85925469773,349005.8866830755,27993.82969490087,275266.95677612274,12299.636580365099,120943.9211365241,14865.528681450645,146174.670833139,30263.089903511092,297580.88661584974,-9546.067782183209,-93867.72214516996,-1995.2879125995212,-19619.924732681255
2024-03-03,9.692218436638273,1328683.2492511116,1478469.0058300912,467099.9875853512,1011369.01824474,35550.14972382419,344559.8165784998,26996.183652368014,261652.90891435402,12762.572991350668,123697.6452457106,13740.624924060709,133177.13821991257,13222.460941785877,128154.97971770653,2264.527167179219,21948.291960002665,-187.96134273651265,-1821.7623914461133
2024-03-10,9.937312443137545,1358311.106987323,1521225.9771763121,478911.8764879256,1042314.1006883866,35284.16538014535,350629.7756778414,25551.860245071697,253916.81875866253,15588.585003194237,154908.63972314942,14504.576716242425,144136.51068475898,-710.2431362672274,-7057.907955681354,13047.882829899088,129660.88840215694,1622.1061267556513,16119.375397498581
2024-03-17,9.782881898952272,1333307.2590206752,1524937.2065791024,471469.35899378214,1053467.8475853202,35047.51683505229,342865.71804885805,25137.86271672318,245920.74214977838,13636.06011809674,133399.9657023536,12493.441384873155,122221.8615796968,22787.449713168593,222926.92932224218,-4826.033346513776,-47212.51426934968,3408.519636254827,33345.145051740736
2024-03-24,10.036233483343127,1367156.371257792,1586665.5086871134,483679.207822235,1102986.3008648783,35567.07842147812,356959.50335832953,27719.187513362565,278196.2378526761,16226.470280579826,162852.64434642738,12927.843796135856,129746.85877420839,38747.530712557134,388879.26513423206,-26432.917404836928,-265286.9307208677,5145.2292541396255,51638.72211987269
2024-03-31,9.9510281088159,1364331.156209245,1482575.1497101407,479572.8796741379,1003002.2700360026,36097.71211735031,359209.34794369724,22072.329172128735,219642.3680188902,16808.828464831193,167265.1245298,11965.298639864792,119067.02309567119,15539.686377693592,154635.85594661246,-8496.931147257546,-84553.20068503317,6806.9098434518355,67735.75118636485
2024-04-07,9.787408657033689,1323438.509713807,1433146.2003781449,471687.5184025341,961458.6819756108,36000.051016419806,352347.21097176167,23051.703364793568,225616.4410719532,19732.13485371634,193126.46748901947,12025.052305490757,117694.10103604315,276.1654081512045,2702.9437065123407,-1220.1941424467645,-11942.538713045262,8369.330359420412,81914.05641336621
2024-04-14,9.944516665668734,1342824.0992279698,812276.7408484691,479259.07174326153,333017.6691052075,36239.26907592012,360382.01527714124,19624.436516162306,195155.53598933414,16504.32988663914,164127.58361337753,12835.80636172528,127645.89028147381,-36587.427465776964,-363844.282187365,-24938.554468679617,-248001.87053147194,9809.707192657985,97552.79666271778
2024-04-21,9.802860719808985,1320242.130024023,900158.1735686436,472432.2042943857,427725.969274258,36173.973508388124,354608.42398478877,19768.849182571208,193791.27512765524,14434.843608169635,141502.76140311192,12458.507811664345,122129.0168543978,-29708.621664724902,-291229.4803567979,-20601.81863276508,-201956.75863176165,11107.036405489745,108880.73089286381
2024-04-28,9.856695232865805,1319513.1435850624,1141524.9269591041,475026.667114729,666498.2598443752,35748.003593380905,352357.17660334724,22340.954892743517,220207.983588975,12931.225633328131,127459.15005513749,12883.765145858562,126991.3464945467,-8522.361353120888,-84002.31852206643,-20005.151787705134,-197184.68425863003,12242.400016661662,120669.60588306526
2024-05-05,9.791275960023711,1317598.1479919418,933497.8176612839,471873.8964944474,461623.92116683646,35702.00229314929,349568.1567776241,22088.921559277635,216278.72664620457,9178.48631463302,89869.09240187293,14689.896844407054,143832.83382787096,-17006.119491821115,-166511.60895355872,-30705.977479791138,-300650.69912690844,13199.24186810665,129237.4195937311
2024-05-12,9.626011215942308,1303016.348742818,1185003.10573636,463909.2431580236,721093.8625783365,35996.92870443116,346506.83944832993,20522.421756700533,197549.06200829777,9242.331160255711,88966.78341007455,14312.349135602148,137770.83330578846,-5225.369976435071,-50299.470000612186,-13901.29721768695,-133814.04293360218,13963.609051010446,134413.8573400601
2024-05-19,9.611064395489898,1316758.1845704129,1166618.3051187366,463188.9065608448,703429.3985578917,35632.91972253912,342470.2860526455,20855.43402322922,200442.919393147,8551.968745780816,82193.52232391639,15720.769127279691,151093.32442891464,1566.968156812429,15060.231860806367,-23662.873425182035,-227425.40027175113,14524.355370641284,139594.51477021293
2024-05-26,9.740629948208207,1363323.3318374278,1409739.6049602951,469433.0980699255,940306.5068903697,35824.26523164638,348950.91078792873,23738.746056487413,231230.34077073078,9668.832372465566,94180.5181714431,14832.70800221507,144479.91977940363,14755.748449582603,143730.28525623112,-17159.13837147206,-167140.81710660938,14873.303882968226,144875.34923124174
2024-06-02,9.564363809270565,1272903.837028515,1084362.4819088415,460938.2512144054,623424.230694436,34408.44786712011,329094.91351345653,23456.698346331363,224348.3967486284,10966.221827694528,104884.93517323445,16210.509507382596,155043.21046224653,-1978.0307383523873,-18918.60560752231,-32887.22665246787,-314545.40038214205,15005.366132917923,143516.7807865344
2024-06-09,9.516257225095258,1315621.4723756996,1354041.6548784608,458619.83618713805,895421.8186913228,34502.8609395473,328338.09970242396,25409.770139126063,241805.90867446814,14586.590832630607,138809.75040052927,18021.430508641497,171496.56828441174,13551.548677569113,128960.02301414715,-26896.910834986484,-255957.92206618303,14918.616355507815,141969.39068152552
2024-06-16,9.419064865119664,1293306.1944962041,1363815.3938301592,453935.81565718626,909879.578172973,34206.34556882433,322191.7877114549,26621.68802605318,250751.40633637435,15673.682806353869,147631.4350283579,15664.119744572017,147541.3599291255,1785.1206621227855,16814.167308599877,-11965.49802232966,-112703.80201578412,14614.31955783603,137653.2238748445
2024-06-23,9.514679513970126,1282880.6298748075,708663.1095433459,458543.80108209164,250119.3084612543,33734.287605080215,320970.9351944331,26683.04917240644,253880.6613309531,14939.108018781373,142140.82502328596,16181.655380360626,153963.2649496417,-55089.926871149975,-524162.99862704304,-24257.358231730166,-230800.9894304776,14096.91307242933,134127.61002046103
2024-06-30,9.636718226146042,1326693.5202438247,1305323.947063568,464425.2493093434,840898.6977542246,33441.159723171884,322263.0334077514,31145.79210344238,300143.2224309987,14880.677640568945,143400.89743627465,17951.173079071275,172990.39679178834,-26201.831464088285,-252499.66682838643,2668.948569609183,25719.90532539922,13373.9418509429,128880.90919039879
2024-07-07,9.282872535779827,1259919.9031371686,1241792.7060677432,447372.2579165373,794420.448151206,32196.99715005168,298880.6205787961,31350.789294838254,291025.38092007424,16903.21659980474,156910.40514066507,18402.878057046317,170831.57129506048,-4029.7397172481114,-37407.56014758366,-21700.928301729564,-201446.95133305254,12455.948441775394,115626.98169724633
2024-07-14,9.352817369836396,1260975.9508509669,1004940.8202514608,450743.13026460365,554197.6899868571,31944.071782756608,298767.0694330667,27944.75945349446,261362.23161254282,14748.35773176833,137938.69637024376,19310.593560023735,180608.45487004085,-33739.64798363145,-315560.7657134737,-12309.828368032704,-115131.57658024109,11356.319255973638,106213.57999467778
2024-07-21,9.45456864827031,1303040.5037182139,1621140.7156560333,455646.860117989,1165493.8555380441,31940.212113541616,301980.9280677941,29641.950565353516,280251.85648876976,17467.314081799526,165145.9200872723,19127.14803653098,180838.93415701084,16713.978854249257,158023.46046323795,-1708.6068595367533,-16154.140846395781,10091.089363215888,95406.89712035494
2024-07-28,9.271055449148726,1302829.078958318,1567064.4144244073,446802.75351929665,1120261.6609051106,32383.14055855671,300225.8917359563,29155.376453889898,270301.1117448184,16480.529667035473,152791.90437442646,19714.900886811345,182777.93929609936,42665.980311579006,395558.6692609368,-28244.318696823266,-261854.64476167658,8678.70866438815,80460.78925455002
2024-08-04,9.293152155450326,1280673.4852728783,1434608.832261871,447867.6667078127,986741.1655540584,31710.76747634846,294692.9871238118,30870.35732165885,286882.9276832957,12737.164804665255,118368.41055880094,19911.359819810725,185039.29642742104,33967.499194740376,315665.13835685875,-30157.53808428278,-280258.5900510278,7139.772850483662,66350.99545489796
2024-08-11,9.114246977861225,1258536.7827553565,1027646.8837490124,439245.6358717217,588401.2478772906,30973.261198649205,282297.95227429486,29042.105201106326,264696.91955991107,8841.919018990986,80587.43369733228,21097.378218056972,192286.71566472098,-5963.416664569903,-54352.052312783504,-24929.56502018877,-227214.2126446504,5496.72307105085,50098.49163846528
2024-08-18,9.239964333955951,1291146.459945454,1816748.7288859314,445304.37008773244,1371444.3587981989,30501.642879082265,281834.0923297816,28745.086936504886,265603.57806976826,11323.124362689732,104625.26526020083,21037.94073338109,194389.82203632037,41550.06250820578,383921.0956494618,11493.910959976096,106203.32732784454,3773.5186916997172,34867.17812482151
2024-08-25,9.15948296504834,1241818.6539589826,1257472.5993693038,441425.707358105,816046.8920111987,30842.348888868502,282499.96924966865,28986.60180225199,265502.28542236664,10275.263658748569,94116.10244368779,21039.53498819919,192711.26231694903,4132.48430265472,37851.41957349557,-8178.404056936418,-74909.95264079135,1995.2879125995244,18275.805645822205
2024-09-01,9.262526765097977,1254791.668239222,1517273.9576013286,446391.728093047,1070882.2295082817,30766.04992076435,284971.3608474203,29044.3999006531,269024.5314560084,12443.186034994289,115255.34369222798,20393.403075532427,188894.44181855052,-9410.676788895427,-87166.64563483019,32190.158033821357,298162.200361004,187.96134273654096,1740.9969679009648
2024-09-08,9.273349055476451,1222470.9904281152,1036251.544440082,446913.2899763741,589338.254463708,30242.10903673609,280445.6332714325,25432.85149255065,235847.70936651743,10229.491667641982,94861.646894132,19866.25692647897,184226.7349050163,-17114.58840246667,-158709.55219688252,-3482.189796253352,-32291.56145807576,-1622.1061267556229,-15042.356318431821
2024-09-15,9.40926005669569,1255567.3881610772,1229107.5954738986,453463.2895866014,775644.3058872973,30399.24575208165,286034.408808738,24449.85771931088,230055.06963020464,11985.308766542097,112772.88704418924,19481.300220233992,183304.62001474464,-8445.549438677634,-79466.37099019816,7972.501407495174,75015.3390454945,-3408.5196362548522,-32071.647665875702
2024-09-22,9.209059611599985,1260800.305399879,1351188.175671006,443814.96954200894,907373.2061289971,30309.60016246427,279122.914699894,23209.054516966407,213733.56657561753,14465.320491921953,133211.99871100808,19788.59397455673,182234.3415414412,-10835.127007083138,-99781.33050748555,26738.282561997796,246234.43802524207,-5145.229254139648,-47382.72291672015
2024-09-29,9.189556329413783,1270802.759246871,1546541.9270003862,442875.042019058,1103666.8849813282,30728.287201419305,282379.3261438473,21864.15611974172,200921.89425746363,16018.753399113199,147205.23668813924,19093.24558124897,175458.45578021824,4738.855793029858,43547.982247016706,34463.73904761601,316706.4713002846,-6806.909843451832,-62552.48143564176
2024-10-06,9.18729758355817,1242498.13008195,1573420.8102610637,442766.18560315977,1130654.624657904,30203.552580780393,277489.02564027585,24621.04461002521,226200.8636503625,16019.937320395347,147179.93143242152,19094.76183291531,175429.2592461616,4464.446901597446,41016.202230969975,37032.74743747299,340230.87104481563,-8369.33035942041,-76891.52858710317
2024-10-13,9.148268341223709,1264275.2208105826,1443383.424870915,440885.2376314366,1002498.1872394785,30057.71206885854,274976.0157291563,23510.21252617915,215077.7329486858,17089.845409458376,156342.4917157554,20341.767189557777,186091.9447847746,72.45206128942567,662.8108985504526,28321.100261381976,259089.02490982323,-9809.707192657963,-89741.83374726734
2024-10-20,9.237773215589925,1255308.1254495385,1489234.209318483,445198.7728637058,1044035.4364547773,29980.058022675712,276948.9770037056,20284.294714381853,187381.71440964896,14329.547637894124,132373.11136085822,19823.147679758127,183121.7426847532,12169.68274603748,112420.76931357189,27538.39038439843,254393.40509345496,-11107.036405489745,-102604.28341121537
2024-10-27,9.199041993632513,1267059.3066945586,1620394.299036675,443332.18747732154,1177062.1115593533,29407.31819529584,270519.1549986399,22302.461218837823,205161.27731344968,13537.60388596477,124532.98664015261,18273.306205161334,168096.91114378467,33183.61633342119,305257.48015173123,23492.952126678425,216112.65316771308,-12242.400016661662,-112618.35185611801
2024-11-03,9.274043419332699,1300236.0999470751,1617940.8273292005,446946.7536617783,1170994.0736674222,30042.624134115034,278616.60065047524,25243.83247870457,234112.3984778672,12518.84981787192,116100.35677104944,18488.085187447734,171459.304768712,26461.79103957267,245407.79905430588,26709.811991578008,247707.95613210765,-13199.241868106661,-122410.34218709522
2024-11-10,9.421112872119402,1263726.8623937983,834513.7591175849,454034.5158722512,380479.24324533367,30578.866680248146,288086.95449610887,25226.958024153617,237666.01896576947,11856.632641263017,111702.67439659407,16930.676009181483,159505.8096837828,-41412.51532750877,-390151.98121883493,11168.79771231948,105222.50389363077,-13963.60905101044,-131552.73697171744
2024-11-17,9.223926364750392,1197578.9551702584,453058.186373685,444531.4474317085,8526.738941976539,30937.199204338944,285362.44739243685,21736.70776656798,200497.791850921,11489.607771926952,105979.29604811803,14208.256852239194,131055.91497651451,-71217.66359774806,-656906.4848951927,8294.662704141312,76509.35800344084,-14524.355370641284,-133971.5844342621
2024-11-24,9.476353989662814,1277951.6118760626,1455420.6791214799,456696.76760413416,998723.9115173456,31182.8573981245,295499.7951138037,22323.408722729182,211544.52331250833,8944.892456612763,84764.96731832715,13459.024208697503,127542.47775705898,26037.04971929694,246736.29998650862,18317.22842026803,173580.54061997205,-14873.303882968228,-140944.69259083338
2024-12-01,9.533870164252768,1233085.119813253,839000.7377314565,459468.66184202785,379532.0758894287,30876.75548200955,294374.97785885894,25875.765658508517,246696.19018885074,8144.349729262926,77647.17289105992,11965.673027832767,114079.17307525889,-38122.051703789984,-363450.69133886474,16073.68917894121,153244.46569258018,-15005.366132917921,-143059.2124783151
2024-12-08,9.431571075881434,1260466.0574522018,1138783.8169333644,454538.5312201662,684245.2857131982,31261.039906144917,294840.71978077164,25091.904563198423,236656.0813170396,12733.314993277474,120095.16539068322,12540.223485039143,118274.00910658426,-6279.097114462288,-59221.75072741309,12119.619354682034,114307.05135631189,-14918.616355507815,-140705.9905107792
2024-12-15,9.273237387044542,1242160.1193319182,1041745.3953295848,446907.90830617136,594837.4870234135,31687.062060548196,293841.6485854762,27070.839207865756,251034.31824105198,14175.195682321328,131449.9545699745,13113.704436815713,121606.49426613137,-32636.08075095302,-302642.1241863423,25349.210879198847,235069.250057063,-14614.31955783603,-135522.05450994134
2024-12-22,9.466898193879777,1251882.188413618,959030.2930225738,456241.06160434266,502789.23141823115,31883.361123434177,301836.5338342557,28955.775595604835,274121.3796884195,14172.975906318345,134174.12000942673,15004.600054177436,142047.02115278077,-50253.006631062366,-475740.09771263273,27443.4466316119,259804.31535064275,-14096.91307242934,-133454.04090466155
2024-12-29,9.699233720434382,1324824.9072531576,1535360.6689160652,467438.0772596082,1067922.5916564572,32424.9542781783,314497.20991845004,27811.427854362882,269749.5388584645,17932.659404791073,173933.05479601433,14673.96310143416,142326.1977258401,15083.903934596532,146302.30967823154,15550.843788564314,150831.26845525057,-13373.941850942889,-129716.98777579388
2025-01-05,9.608087366564858,1327394.364480335,1741898.158273156,463045.4337137337,1278852.7245594223,33152.53824718743,318532.48390235985,28906.035911070514,277731.7184546267,17454.46323054601,167704.00765557998,13963.193765856013,134159.58561861835,21153.328264772357,203243.0260615586,30928.085100763066,297159.74372868444,-12455.948441775394,-119677.84086200538
2025-01-12,9.54967435260139,1280114.9304509787,1052823.7314709644,460230.3178271563,592593.4136438082,34338.24685388727,327919.0752938626,24959.828419588343,238358.23330387406,18312.336140582684,174876.84677793796,14674.074963241517,140132.63732461768,-16086.005114742567,-153616.11048007186,-2788.379671861145,-26628.117837687456,-11356.319255973642,-108449.15073872478
2025-01-19,9.636175915148412,1257352.458753225,600068.9533036296,464399.1135529202,135669.83975070948,34586.40510645909,333280.68387842714,26584.622915280088,256174.10304952454,16343.591020000134,157489.71815396115,12105.792015435434,116653.54145293488,-72252.628629667,-696239.0398073598,6802.526840507901,65550.34530265286,-10091.089363215891,-97239.51227943129
2025-01-26,9.805042414377159,1326378.5950014265,1141259.1551690437,472537.3473544984,668721.8078145453,34859.90627090162,341802.8595474027,28380.26409638758,278269.6931963054,17269.07721049435,169324.03450605107,13321.617963627397,130619.0291614953,-15242.168208917106,-149450.10577550335,-1708.161531285054,-16748.59626485739,-8678.708664388152,-85095.10655634837
2025-02-02,9.806758380994784,1336574.7375323977,1248713.9435718397,472620.04544792563,776093.898123914,34993.0803597727,343168.6840950249,27550.979568170438,270185.7997847715,16121.52816160599,158099.93141327298,14691.545407305215,144076.43605285586,10911.309211640615,107004.57305888219,-17989.991410710918,-176423.49904101348,-7139.772850483687,-70018.02723987991
2025-02-09,9.755620459407117,1286025.5221489356,914347.9183860372,470155.5402683431,444192.37811769417,34455.7339624621,336137.06318808394,30952.16076968744,301957.53286762116,12055.873830219625,117612.52939412142,13409.115698130072,130814.24344723488,-41245.61012326184,-402376.5179792225,1401.3943355403023,13671.471251494217,-5496.723071050854,-53623.94405163883
2025-02-16,9.766183934583344,1352354.9387242238,1347928.1389432854,470664.62899306905,877263.5099502164,34797.75323975278,339841.2586496691,27736.104308641996,270875.8963069873,11925.292754649407,116464.60251566018,15540.519325035653,151771.5701672452,5099.735549791188,49804.95539699425,-1499.244286272677,-14641.89546261209,-3773.5186916997172,-36852.877623727734
2025-02-23,9.782626793546822,1340169.2353822931,1484162.4855421456,471457.0646225298,1012705.4209196158,35106.01885341927,343429.0806502192,27163.087499440433,265726.34756748274,11548.36284228746,112973.32376256183,16150.5533950172,157994.83637270384,-439.3230097022908,-4297.73304573526,15987.395400812915,156398.72260701965,-1995.2879125995244,-19519.156994636214
2025-03-02,9.743805216020158,1344417.9990901821,1552561.003599368,469586.1247031198,1082974.8788962483,36151.28239554522,352251.0539715312,27160.660509101053,264648.1855391316,13076.583175558422,127415.6793537276,16026.290595488048,156157.05389777126,16138.597766994671,157251.35310129396,2779.5107911261075,27083.011744558884,-187.96134273651597,-1831.458711766217
2025-03-09,10.006927118626969,1373193.2741139007,1264646.4947748124,482266.83740522683,782379.6573695855,36051.93006027314,360769.0365989901,28465.48639541694,284852.04775520484,11329.172827765164,113370.206801775,17196.889594782617,172088.0208420641,3321.514979181589,33238.15832009794,-19803.29309771762,-198170.1107376687,1622.106126755648,16232.297789122049
2025-03-16,9.817464260585037,1342251.2497958082,1290012.3300458202,473135.9971112511,816876.3329345692,36136.13278277678,354765.19211066636,24179.90479033729,237385.35110348527,14182.118064349694,139232.43723615055,19472.284547941435,191168.45762135732,-27142.347444882962,-266469.02598852006,12969.835974061161,127330.90114099557,3408.5196362548504,33463.0197104343
2025-03-23,9.970619557803923,1406357.4873454503,1866635.9072854863,480517.05624619,1386118.8510392962,36083.02374480986,359770.1022547046,25592.844297148025,255176.5138889747,16662.86790805434,166139.11665314995,19149.1009605238,190928.40055136048,33348.81599529959,332508.35699233843,3038.45082970262,30295.2372680585,5145.229254139648,51301.12343070967
2025-03-30,9.99515490743668,1370220.8818169723,1368535.305586435,481699.4957035531,886835.8098828817,35651.25990330378,356339.8653788073,23984.628551872,239730.07777328932,14295.86975872834,142889.43277502918,19240.641473159823,192313.1920426831,-4432.39372944885,-44302.46193659223,-6820.34596841224,-68170.41447659157,6806.909843451832,68036.11832625662
2025-04-06,9.93197193641436,1346529.6399791813,1270143.8324194222,478654.49984702474,791489.3325723974,36064.04144999083,358187.04759499314,21310.96784345426,211659.93455901655,14404.169394623248,143061.80619475673,18889.65331261793,187611.50658951784,-773.7437548901572,-7684.801259544913,-18573.36252495328,-184470.11536268616,8369.330359420408,83123.95425634421
2025-04-13,9.773252998223418,1322309.2304413612,903643.8770686664,471005.31049546244,432638.56657320395,36206.60319898656,353856.293269981,22106.31489739569,216050.60835064342,12845.358404800918,125540.93754297495,18534.48404716809,181142.20178450964,-26032.66694278839,-254423.8402503583,-29202.189323121493,-285400.384356885,9809.707192657963,95872.75023233827
2025-04-20,9.836448177789908,1323143.4060952244,1136058.8196421405,474050.8947220185,662007.9249201219,36285.25725288135,356918.0525857428,21944.186151074562,215852.84987881992,13942.12712749157,137141.01097772972,19900.67300139262,195751.93868134127,-12371.506799570063,-121691.6855151464,-23506.252004851394,-231218.02969979087,11107.036405489725,109253.78801142558
2025-04-27,9.768998304714492,1330198.358396325,1164674.643337164,470800.26277618215,693874.380560982,35747.906706397196,349221.240011886,20661.932596158433,201846.38450399681,14606.175033158239,142687.69913728596,19359.495339106077,189122.87714785538,-24681.420440476868,-241112.7544409641,-6908.287697717532,-67487.05080748255,12242.400016661677,119595.98500840459
2025-05-04,9.65243249222125,1332973.3249368195,1452965.207830276,465182.57164340216,987782.636186874,36044.86816382838,347920.65664236835,21343.000083338662,206011.86748589895,14833.022118531408,143174.74465474903,19904.153386800375,192123.49688090757,-4834.335935164381,-46663.101258893475,1845.1494704362563,17810.18070144375,13199.241868106661,127404.79108039984
2025-05-11,9.743082809613556,1362918.5599533608,1902513.440052848,469551.30955468275,1432962.1304981653,35266.95634179555,343608.87608114,21277.26911819754,207306.19498103182,12049.50889081108,117399.36293834713,19794.570413932364,192860.13872366952,47711.21197028345,464854.28917349724,-2988.307835776179,-29115.33070458438,13963.60905101044,136048.59930506407
2025-05-18,9.557515399605665,1287368.4420825148,835786.3614456234,460608.20375516097,375178.1576904624,35289.53345692409,337280.2594594513,22494.26486848454,214989.2828833497,12849.621428033899,122810.45467753692,20508.06851294742,196006.180628663,-38262.0811326875,-365690.4296466221,-28148.98320198007,-269034.3404361657,14524.355370641284,138816.75012424932
2025-05-25,9.756401805296248,1280447.5875458936,704026.089424307,470193.195904924,233832.89351938292,35783.90021551367,349122.10866317834,24433.400436515858,238382.07212834945,9056.439876227629,88358.26635798416,20747.02986026514,202416.35958322595,-44999.74590526291,-439035.6021879795,-35927.20419628545,-350520.23987988627,14873.303882968226,145109.9288545109
2025-06-01,9.55137961275138,1324355.0765912582,1675392.601781798,460312.4999405803,1215080.1018412178,34981.964614203134,334126.02363009,27261.264073236136,260382.68188693924,7959.019502163575,76019.6166104558,21350.093346789916,203922.84632286808,41004.8322309754,391652.7185952291,-20347.39914522184,-194345.73336818672,15005.366132917923,143321.94816382226
2025-06-08,9.576738037006741,1299249.9863347341,1002291.7921116999,461534.6060798815,540757.1860318184,34413.25541794814,329566.7321382923,24924.430715559316,238694.74368443605,10788.237536797496,103316.1247709125,20396.33776876462,195330.38372576536,-5848.570527301625,-56010.227830926044,-43126.61049847965,-413012.2511679643,14918.616355507815,142871.6807113026
2025-06-15,9.542905910209212,1308364.7319398613,1186834.2883916674,459904.12425465,726930.1641370174,34142.23615472931,325816.147188725,29436.438984202105,280909.16755785514,13569.037539811696,129488.0485345197,19913.030100478827,190028.17263603336,-18666.710840227588,-178134.6652013742,-16833.424176282104,-160639.78306090113,14614.319557836034,139463.07648215958
2025-06-22,9.446429110040372,1293400.4682298896,1542136.0184451034,455254.588912897,1086881.4295322064,33599.86291473199,317398.72313109017,26048.420415598586,246064.5568844804,14959.839698331747,141317.0652078586,18882.46286905032,178371.84691545338,28980.830553231444,273765.3613711929,-21510.94467760272,-203201.61398697435,14096.913072429343,133165.4900091052
2025-06-29,9.489135114369256,1306135.8119390437,1069142.4253461156,457312.7321772332,611829.6931688825,32621.363021307352,309548.52132407436,27636.762904428273,262248.977323908,13251.369813763093,125744.03861327216,18562.936809504827,176146.21550488987,-16897.477691620727,-160342.4489078294,-24072.03071424812,-228422.7519247471,13373.9418509429,126907.14123531483
2025-07-06,9.342135461543002,1290082.2430148316,1606387.302365907,450228.3338571712,1156158.9685087358,32491.30691656741,303538.1905371418,29745.806479800347,277889.35354713845,15560.149863241479,145365.02782431172,18879.555013309542,176375.36038799104,50898.01401162904,475496.1416201523,-36273.319354875945,-338870.2630530607,12455.948441775397,116365.15764506123
2025-07-13,9.437525153914844,1321156.2946356537,1560281.243121216,454825.4778870897,1105455.7652341265,31771.111286529285,299840.66193444794,30469.12393322814,287553.1235375894,14287.904089816438,134842.45424436542,19147.874458269758,180708.5468439244,18888.5962389223,178261.6021269705,-8786.855741826643,-82926.17208731003,11356.319255973642,107175.54863413876
2025-07-20,9.178748624704092,1254399.4038788727,1100796.01552701,442354.1830672375,658441.8324597726,31866.345151833084,292493.1717367338,29631.701083161493,271981.9355647113,15744.881580896717,144518.31015678454,17593.313091531323,161484.59834288163,-13615.800358343138,-124976.00881338755,-19576.061453380073,-179683.74714233514,10091.089363215891,92623.57261438396
2025-07-27,9.291657546227938,1287789.5787795803,1724337.4683468768,447795.6365576684,1276541.8317892083,31177.121501920672,289687.13627298654,29790.337575642072,276801.61493939237,14750.246590981833,137054.24004581926,18069.31561786081,167893.89281587076,60134.858652322466,558752.5131882025,-25214.78575382393,-234287.15432603884,8678.70866438813,80639.58885297576
2025-08-03,9.44180787573118,1292758.4882061728,809773.792325817,455031.87638298824,354741.91594282887,31798.732332413652,300237.52137445094,29279.642102494283,276452.75540192076,11452.305339037832,108130.46674540565,18511.557517105764,174782.56955705993,-16900.248569825988,-159568.90004839763,-43710.364164371356,-412704.86061823944,7139.772850483688,67412.36353062854
2025-08-10,9.120453198215355,1237107.7452179366,1414572.7992863972,439544.73410906724,975028.06517733,31055.70177859189,283242.0746093807,28597.815145299242,260825.034603916,10046.909242634398,91632.3655341643,17692.369216694362,161362.42540640698,20677.68888154978,188589.89369143278,-6661.547717050856,-60756.33418104067,5496.7230710508575,50132.60551306992
2025-08-17,9.129359127182703,1272711.9885145684,1509287.2533007783,439973.9402126316,1069313.3130881467,30659.358809947647,279900.29718516493,29910.59327977917,273064.54775820154,8424.5489664208,76910.73299899133,18320.336027597084,167252.92692659755,8332.02297610494,76066.03000479961,17708.687833668268,161668.9709047287,3773.5186916996936,34449.80730966313
2025-08-24,9.229588176514687,1298580.532291466,1761658.1050809845,444804.30882274103,1316853.7962582435,30906.040001910347,285250.0213845217,29303.056365590084,270455.14256759366,9330.93747140102,86120.7101618407,16053.190356284975,148164.3359077074,36281.02664829597,334858.93458492676,18807.877730286047,173588.96592478198,1995.2879125995278,18415.68572687127
2025-08-31,9.18191194372395,1255801.739051269,1561195.2194613093,442506.63384871377,1118688.5856125955,29988.560162815163,275352.3187340368,26929.95787789721,247268.50188304728,11706.794538972621,107490.75660011503,14076.964521895903,129253.4486749743,43523.601783272,399629.8790477102,-4577.713670391794,-42032.16382511881,187.96134273651765,1725.8444978308223
2025-09-07,9.189673460247333,1263250.8674372486,1141487.188333712,442880.6869404199,698606.5013932922,30057.671015854725,276220.1816112457,27578.266027990117,253435.2593970614,10823.188957915592,99461.5723217989,12249.093441254681,112565.1689091878,879.8258890483553,8085.312622226185,-3945.1203573561197,-36254.367845477005,-1622.1061267556179,-14906.625622750696
2025-09-14,9.199222405508594,1242993.5757968456,1108280.8819872385,443340.88212092966,664939.9998663089,30680.88448841426,282240.2800066416,26399.529856608515,242855.14655180613,13749.906296299481,126488.44607456189,14440.454585474454,132840.95336842592,-21018.314841594005,-193352.1528168254,11438.255566703258,105223.05688915002,-3408.519636254822,-31355.730207451365
2025-09-21,9.214568441134805,1255501.6724001581,1256157.5410640074,444080.4582146122,812077.0828493952,29599.991853032694,272751.1507868024,26058.623591093423,240118.97056190038,14329.67687420568,132041.7882967149,14714.719837684343,135589.7930364664,12811.886776602729,118056.00756307582,-4239.977220588613,-39069.5602879663,-5145.229254139622,-47411.06710759853
2025-09-28,9.267946681951187,1253754.1139452034,1112520.7511800223,446652.93177014095,665867.8194098813,29787.635285887736,276070.21561101533,25143.41614513836,233027.84023525295,14814.535365940597,137300.3238894177,14133.456313547982,130988.11954564908,-18907.673720389128,-175235.31192029608,13681.855744136275,126802.70954680258,-6806.909843451828,-63086.07749796025
2025-10-05,9.208841019093287,1278908.1905631705,1837277.3070274233,443804.43484782794,1393472.8721795953,30010.086262016022,276358.1133561811,22086.388112587054,203390.03681480602,16070.664779658373,147992.1970270158,14162.350815111353,130418.83711298667,56122.23679560447,516820.756286629,21236.631612237936,195564.7642981499,-8369.330359420384,-77071.8327161732
2025-10-12,9.159459205042923,1258302.4257599134,1371599.122278492,441424.56228504376,930174.5599934481,30506.345226049587,279421.62459295715,20848.97037583809,190965.2936246374,14845.015017825895,135972.30945402582,12821.079237489592,117434.15224040874,3794.231747266887,34753.11090356978,28547.5022235432,261479.6820224161,-9809.70719265796,-89851.61284456671
2025-10-19,9.271182201364027,1262467.0250520832,1138553.4453022815,446808.8621267925,691744.5831754891,29862.96907559787,276865.02737356734,22238.805052108673,206180.01357871434,14243.144112176646,132050.78418427496,15742.429380899006,145950.93108242098,-10197.90542957448,-94546.6393098645,13829.93254948545,128219.82449885452,-11107.036405489707,-102975.35823247845
2025-10-26,9.418570328135937,1248884.1800240723,1263880.1062805853,453911.98228813155,809968.1239924538,29397.340878977655,276880.9225288366,22694.640634266394,213751.0688856096,12019.505360950574,113206.5565515199,15207.04292617525,143228.6032831637,5136.548880217341,48378.94687223493,13784.250357546998,129827.93141318933,-12242.400016661646,-115305.90554210028
2025-11-02,9.24393394706748,1246503.0507211438,793632.328052861,445495.6788419909,348136.64921087015,30157.42601655604,278773.25411061844,22115.32018218911,204432.55898240447,14580.152527543058,134777.966902777,15066.065386768538,139269.71327748804,-37571.340087794495,-347306.9860743808,6512.710101223421,60203.061992108465,-13199.241868106648,-122012.91998014544
2025-11-09,9.191900188091541,1202577.3981450857,879881.9961551542,442988.0003026997,436893.99585245445,30680.71939352202,282014.11036409886,22412.538813069867,206013.81973146586,11905.141564645726,109430.87298732347,15790.281158638434,145142.68835210692,-27101.783701977904,-249116.89070782694,7807.0360120615305,71761.49578770582,-13963.609051010422,-128352.10066241944
2025-11-16,9.435288688207054,1308088.7080594555,1550032.6132180905,454717.69522503216,1095314.9179930582,31135.8422898884,293775.66055558284,24792.34344621031,233922.91767217242,9541.164128154931,90023.63797070713,16176.149500371826,152626.64039960448,33455.945094538874,315666.5003037789,15509.970267918949,146341.0470233234,-14524.355370641277,-137041.485932111
2025-11-23,9.350328017154549,1273413.0523344204,1117170.9140758996,450623.16014482273,666547.753931077,31614.94664694248,295610.1213937525,23536.92462431168,220077.9657523563,10109.015428764687,94522.61018942606,16387.660035052984,153229.99676135983,-18327.166471021654,-171365.01812904925,22837.952591184814,213542.3479678027,-14873.303882968226,-139070.27000457136
2025-11-30,9.184891702917376,1218134.9549491424,1069643.7109874983,442650.2382764674,626993.4727110309,31572.582334202532,289990.74952109257,25320.851403478366,232569.27796661225,10487.556095127105,96327.0669620135,15800.120593709504,145122.39654625638,-29201.117613299488,-268209.10288230894,29288.94059854767,269015.7474908404,-15005.366132917921,-137822.6628934752
2025-12-07,9.528120096295584,1289998.234452274,1354538.2522031101,459191.54709384363,895346.7051092666,32081.98832685168,305681.03770619584,25605.4447547457,243971.75274227886,11469.051864935984,109278.50355975289,16928.81330188436,161299.76622812037,14949.798292414804,142443.4735455229,7852.392589207843,74818.53963323377,-14918.616355507816,-142146.36830583803
2025-12-14,9.431890058350008,1294215.9208434746,1827152.9052393073,454553.9040378637,1372599.0012014436,32578.43402965302,307276.20804089593,26316.93914554475,248218.47669306572,14130.251178934379,133274.97561657964,19011.191411063348,179311.46726739747,33045.826407376364,311684.6015616933,35059.13717433242,330673.9273689152,-14614.319557836034,-137840.65534710378
2025-12-21,9.518627064358803,1303752.839900794,1564839.0237832295,458734.04656093614,1106104.9772222934,32587.401276002,310187.31974287325,29091.29128755407,276909.1525868576,16238.010700590487,154563.56812598844,19863.35973841175,189071.9135951411,20032.47127421463,190681.62323672965,12488.634907753933,118874.65822984268,-14096.913072429354,-134183.25829513944
